{
"lengthUnit": "mil",
"components": {
	"fields": ["COMPONENT_NO", "COMPONENT_NAME", "LAYER", "X_COORDINATE", "Y_COORDINATE", "ANGLE"],
	"rows": [
		[1, "C1", "T", 375, 950, 180],
		[2, "H4", "T", 2000, 350, 180],
		[3, "LED1", "T", 1025, 2425, 0],
		[4, "LEDG", "T", 1300, 325, 270],
		[5, "LEDR", "T", 1575, 325, 270],
		[6, "OP1", "T", 1375, 825, 90],
		[7, "R2", "T", 875, 775, 0],
		[8, "R3", "T", 875, 675, 180],
		[9, "R4", "T", 875, 475, 0],
		[10, "RB0", "T", 1750, 1225, 90],
		[11, "RB1", "T", 1850, 1750, 270],
		[12, "RB2", "T", 1750, 1750, 270],
		[13, "RB3", "T", 1850, 1225, 90],
		[14, "RD1", "T", 462.5, 1775, 90],
		[15, "RD2", "T", 562.5, 1775, 90],
		[16, "RD3", "T", 675, 1775, 90],
		[17, "RD4", "T", 775, 1775, 90],
		[18, "RD5", "T", 875, 1775, 90],
		[19, "RD6", "T", 975, 1775, 90],
		[20, "RD7", "T", 1075, 1775, 90],
		[21, "RD8", "T", 1175, 1775, 90],
		[22, "RDIV", "T", 875, 575, 0],
		[23, "RF", "T", 875, 875, 180],
		[24, "Ri", "T", 875, 375, 180],
		[25, "RK1", "T", 1550, 1775, 90],
		[26, "RK2", "T", 1450, 1775, 90],
		[27, "RK3", "T", 1350, 1775, 90],
		[28, "RL", "T", 875, 275, 0],
		[29, "RS", "T", 1950, 550, 180],
		[30, "SW1", "T", 2050, 1900, 270],
		[31, "SW2", "T", 2050, 1400, 270],
		[32, "SW3", "T", 2050, 900, 270],
		[33, "T1", "T", 2050, 2275, 0],
		[34, "T2", "T", 2050, 2500, 0],
		[35, "T3", "T", 2050, 2725, 0],
		[36, "U1", "T", 1125, 1250, 180],
		[37, "U2", "T", 400, 475, 270],
		[38, "VR1", "T", 325, 1300, 270]
	]
},
"pins": {
	"fields": ["PIN_NO", "PIN_NAME", "PIN_X", "PIN_Y", "LAYER", "PIN_TYPE", "NET_NAME", "NET_TYPE", "PAD_SHAPE", "PAD_SIZEX", "PAD_SIZEY", "HOLE_SIZE", "PAD_ANGLE"],
	"rows": [
		[1, "C1_+", 425, 950, "T", "DIP", "N$17", "", "C", 62, 62, 32, 180],
		[2, "C1_+", 425, 950, "B", "DIP", "N$17", "", "C", 62, 62, 32, 180],
		[3, "C1_-", 325, 950, "T", "DIP", "GND", "GND", "P", 62, 62, 32, 180],
		[4, "C1_-", 325, 950, "B", "DIP", "GND", "GND", "P", 62, 62, 32, 180],
		[5, "H4_1", 2150, 350, "T", "DIP", "VCC", "", "O", 118.74, 59.37, 39.37, 270],
		[6, "H4_1", 2150, 350, "B", "DIP", "VCC", "", "O", 118.74, 59.37, 39.37, 270],
		[7, "H4_2", 2050, 350, "T", "DIP", "GND", "GND", "O", 118.74, 59.37, 39.37, 270],
		[8, "H4_2", 2050, 350, "B", "DIP", "GND", "GND", "O", 118.74, 59.37, 39.37, 270],
		[9, "H4_3", 1950, 350, "T", "DIP", "TST", "", "O", 118.74, 59.37, 39.37, 270],
		[10, "H4_3", 1950, 350, "B", "DIP", "TST", "", "O", 118.74, 59.37, 39.37, 270],
		[11, "H4_4", 1850, 350, "T", "DIP", "RESET", "", "O", 118.74, 59.37, 39.37, 270],
		[12, "H4_4", 1850, 350, "B", "DIP", "RESET", "", "O", 118.74, 59.37, 39.37, 270],
		[13, "LED1_1", 775, 2125, "T", "DIP", "S-E", "", "O", 112, 56, 31.5, 90],
		[14, "LED1_1", 775, 2125, "B", "DIP", "S-E", "", "O", 112, 56, 31.5, 90],
		[15, "LED1_2", 875, 2125, "T", "DIP", "S-D", "", "O", 112, 56, 31.5, 90],
		[16, "LED1_2", 875, 2125, "B", "DIP", "S-D", "", "O", 112, 56, 31.5, 90],
		[17, "LED1_3", 975, 2125, "T", "DIP", "DP", "", "O", 112, 56, 31.5, 90],
		[18, "LED1_3", 975, 2125, "B", "DIP", "DP", "", "O", 112, 56, 31.5, 90],
		[19, "LED1_4", 1075, 2125, "T", "DIP", "S-C", "", "O", 112, 56, 31.5, 90],
		[20, "LED1_4", 1075, 2125, "B", "DIP", "S-C", "", "O", 112, 56, 31.5, 90],
		[21, "LED1_5", 1175, 2125, "T", "DIP", "S-G", "", "O", 112, 56, 31.5, 90],
		[22, "LED1_5", 1175, 2125, "B", "DIP", "S-G", "", "O", 112, 56, 31.5, 90],
		[23, "LED1_6", 1275, 2125, "T", "DIP", "LED1_6", "", "O", 50, 56, 31.5, 90],
		[24, "LED1_6", 1275, 2125, "B", "DIP", "LED1_6", "", "O", 50, 56, 31.5, 90],
		[25, "LED1_7", 1275, 2725, "T", "DIP", "S-B", "", "O", 112, 56, 31.5, 270],
		[26, "LED1_7", 1275, 2725, "B", "DIP", "S-B", "", "O", 112, 56, 31.5, 270],
		[27, "LED1_8", 1175, 2725, "T", "DIP", "$2N1439", "", "O", 112, 56, 31.5, 270],
		[28, "LED1_8", 1175, 2725, "B", "DIP", "$2N1439", "", "O", 112, 56, 31.5, 270],
		[29, "LED1_9", 1075, 2725, "T", "DIP", "$2N1845", "", "O", 112, 56, 31.5, 270],
		[30, "LED1_9", 1075, 2725, "B", "DIP", "$2N1845", "", "O", 112, 56, 31.5, 270],
		[31, "LED1_10", 975, 2725, "T", "DIP", "S-F", "", "O", 112, 56, 31.5, 270],
		[32, "LED1_10", 975, 2725, "B", "DIP", "S-F", "", "O", 112, 56, 31.5, 270],
		[33, "LED1_11", 875, 2725, "T", "DIP", "S-A", "", "O", 112, 56, 31.5, 270],
		[34, "LED1_11", 875, 2725, "B", "DIP", "S-A", "", "O", 112, 56, 31.5, 270],
		[35, "LED1_12", 775, 2725, "T", "DIP", "$2N1849", "", "O", 112, 56, 31.5, 270],
		[36, "LED1_12", 775, 2725, "B", "DIP", "$2N1849", "", "O", 112, 56, 31.5, 270],
		[37, "LEDG_1", 1300, 375, "T", "DIP", "$2N1988", "", "R", 62.99, 62.99, 39.37, 270],
		[38, "LEDG_1", 1300, 375, "B", "DIP", "$2N1988", "", "R", 62.99, 62.99, 39.37, 270],
		[39, "LEDG_2", 1300, 275, "T", "DIP", "$2N1090", "", "C", 62.99, 62.99, 39.37, 270],
		[40, "LEDG_2", 1300, 275, "B", "DIP", "$2N1090", "", "C", 62.99, 62.99, 39.37, 270],
		[41, "LEDR_1", 1575, 375, "T", "DIP", "$2N1982", "", "R", 62.99, 62.99, 39.37, 270],
		[42, "LEDR_1", 1575, 375, "B", "DIP", "$2N1982", "", "R", 62.99, 62.99, 39.37, 270],
		[43, "LEDR_2", 1575, 275, "T", "DIP", "$2N1090", "", "C", 62.99, 62.99, 39.37, 270],
		[44, "LEDR_2", 1575, 275, "B", "DIP", "$2N1090", "", "C", 62.99, 62.99, 39.37, 270],
		[45, "OP1_1", 1525, 575, "T", "DIP", "OP1_1", "", "O", 100, 50, 32, 180],
		[46, "OP1_1", 1525, 575, "B", "DIP", "OP1_1", "", "O", 100, 50, 32, 180],
		[47, "OP1_2", 1525, 675, "T", "DIP", "VCC", "", "O", 100, 50, 32, 180],
		[48, "OP1_2", 1525, 675, "B", "DIP", "VCC", "", "O", 100, 50, 32, 180],
		[49, "OP1_3", 1525, 775, "T", "DIP", "GND", "GND", "O", 100, 50, 32, 180],
		[50, "OP1_3", 1525, 775, "B", "DIP", "GND", "GND", "O", 100, 50, 32, 180],
		[51, "OP1_4", 1525, 875, "T", "DIP", "GND", "GND", "O", 100, 50, 32, 180],
		[52, "OP1_4", 1525, 875, "B", "DIP", "GND", "GND", "O", 100, 50, 32, 180],
		[53, "OP1_5", 1225, 875, "T", "DIP", "N$17", "", "O", 100, 50, 32, 180],
		[54, "OP1_5", 1225, 875, "B", "DIP", "N$17", "", "O", 100, 50, 32, 180],
		[55, "OP1_6", 1225, 775, "T", "DIP", "N$13", "", "O", 100, 50, 32, 180],
		[56, "OP1_6", 1225, 775, "B", "DIP", "N$13", "", "O", 100, 50, 32, 180],
		[57, "OP1_7", 1225, 675, "T", "DIP", "ADCIN", "", "O", 100, 50, 32, 180],
		[58, "OP1_7", 1225, 675, "B", "DIP", "ADCIN", "", "O", 100, 50, 32, 180],
		[59, "OP1_8", 1225, 575, "T", "DIP", "VCC", "", "O", 100, 50, 32, 180],
		[60, "OP1_8", 1225, 575, "B", "DIP", "VCC", "", "O", 100, 50, 32, 180],
		[61, "R2_1", 675, 775, "T", "DIP", "GND", "GND", "O", 90, 60, 31.7, 0],
		[62, "R2_1", 675, 775, "B", "DIP", "GND", "GND", "O", 90, 60, 31.7, 0],
		[63, "R2_2", 1075, 775, "T", "DIP", "N$13", "", "O", 90, 60, 31.5, 0],
		[64, "R2_2", 1075, 775, "B", "DIP", "N$13", "", "O", 90, 60, 31.5, 0],
		[65, "R3_1", 1075, 675, "T", "DIP", "ADCIN", "", "O", 90, 60, 31.7, 180],
		[66, "R3_1", 1075, 675, "B", "DIP", "ADCIN", "", "O", 90, 60, 31.7, 180],
		[67, "R3_2", 675, 675, "T", "DIP", "N$13", "", "O", 90, 60, 31.5, 180],
		[68, "R3_2", 675, 675, "B", "DIP", "N$13", "", "O", 90, 60, 31.5, 180],
		[69, "R4_1", 675, 475, "T", "DIP", "VREF", "", "O", 90, 60, 31.7, 0],
		[70, "R4_1", 675, 475, "B", "DIP", "VREF", "", "O", 90, 60, 31.7, 0],
		[71, "R4_2", 1075, 475, "T", "DIP", "N$13", "", "O", 90, 60, 31.5, 0],
		[72, "R4_2", 1075, 475, "B", "DIP", "N$13", "", "O", 90, 60, 31.5, 0],
		[73, "RB0_1", 1750, 1025, "T", "DIP", "GND", "GND", "O", 90, 60, 31.7, 90],
		[74, "RB0_1", 1750, 1025, "B", "DIP", "GND", "GND", "O", 90, 60, 31.7, 90],
		[75, "RB0_2", 1750, 1425, "T", "DIP", "BOTONES", "", "O", 90, 60, 31.5, 90],
		[76, "RB0_2", 1750, 1425, "B", "DIP", "BOTONES", "", "O", 90, 60, 31.5, 90],
		[77, "RB1_1", 1850, 1950, "T", "DIP", "$2N273", "", "O", 90, 60, 31.7, 270],
		[78, "RB1_1", 1850, 1950, "B", "DIP", "$2N273", "", "O", 90, 60, 31.7, 270],
		[79, "RB1_2", 1850, 1550, "T", "DIP", "VREF", "", "O", 90, 60, 31.5, 270],
		[80, "RB1_2", 1850, 1550, "B", "DIP", "VREF", "", "O", 90, 60, 31.5, 270],
		[81, "RB2_1", 1750, 1950, "T", "DIP", "$2N265", "", "O", 90, 60, 31.7, 270],
		[82, "RB2_1", 1750, 1950, "B", "DIP", "$2N265", "", "O", 90, 60, 31.7, 270],
		[83, "RB2_2", 1750, 1550, "T", "DIP", "VREF", "", "O", 90, 60, 31.5, 270],
		[84, "RB2_2", 1750, 1550, "B", "DIP", "VREF", "", "O", 90, 60, 31.5, 270],
		[85, "RB3_1", 1850, 1025, "T", "DIP", "$2N269", "", "O", 90, 60, 31.7, 90],
		[86, "RB3_1", 1850, 1025, "B", "DIP", "$2N269", "", "O", 90, 60, 31.7, 90],
		[87, "RB3_2", 1850, 1425, "T", "DIP", "VREF", "", "O", 90, 60, 31.5, 90],
		[88, "RB3_2", 1850, 1425, "B", "DIP", "VREF", "", "O", 90, 60, 31.5, 90],
		[89, "RD1_1", 462.5, 1575, "T", "DIP", "$2N1029", "", "O", 90, 60, 31.7, 90],
		[90, "RD1_1", 462.5, 1575, "B", "DIP", "$2N1029", "", "O", 90, 60, 31.7, 90],
		[91, "RD1_2", 462.5, 1975, "T", "DIP", "S-A", "", "O", 90, 60, 31.5, 90],
		[92, "RD1_2", 462.5, 1975, "B", "DIP", "S-A", "", "O", 90, 60, 31.5, 90],
		[93, "RD2_1", 562.5, 1575, "T", "DIP", "$2N1025", "", "O", 90, 60, 31.7, 90],
		[94, "RD2_1", 562.5, 1575, "B", "DIP", "$2N1025", "", "O", 90, 60, 31.7, 90],
		[95, "RD2_2", 562.5, 1975, "T", "DIP", "S-F", "", "O", 90, 60, 31.5, 90],
		[96, "RD2_2", 562.5, 1975, "B", "DIP", "S-F", "", "O", 90, 60, 31.5, 90],
		[97, "RD3_1", 675, 1575, "T", "DIP", "$2N1033", "", "O", 90, 60, 31.7, 90],
		[98, "RD3_1", 675, 1575, "B", "DIP", "$2N1033", "", "O", 90, 60, 31.7, 90],
		[99, "RD3_2", 675, 1975, "T", "DIP", "S-B", "", "O", 90, 60, 31.5, 90],
		[100, "RD3_2", 675, 1975, "B", "DIP", "S-B", "", "O", 90, 60, 31.5, 90],
		[101, "RD4_1", 775, 1575, "T", "DIP", "$2N1039", "", "O", 90, 60, 31.7, 90],
		[102, "RD4_1", 775, 1575, "B", "DIP", "$2N1039", "", "O", 90, 60, 31.7, 90],
		[103, "RD4_2", 775, 1975, "T", "DIP", "S-E", "", "O", 90, 60, 31.5, 90],
		[104, "RD4_2", 775, 1975, "B", "DIP", "S-E", "", "O", 90, 60, 31.5, 90],
		[105, "RD5_1", 875, 1575, "T", "DIP", "$2N1045", "", "O", 90, 60, 31.7, 90],
		[106, "RD5_1", 875, 1575, "B", "DIP", "$2N1045", "", "O", 90, 60, 31.7, 90],
		[107, "RD5_2", 875, 1975, "T", "DIP", "S-D", "", "O", 90, 60, 31.5, 90],
		[108, "RD5_2", 875, 1975, "B", "DIP", "S-D", "", "O", 90, 60, 31.5, 90],
		[109, "RD6_1", 975, 1575, "T", "DIP", "$2N1102", "", "O", 90, 60, 31.7, 90],
		[110, "RD6_1", 975, 1575, "B", "DIP", "$2N1102", "", "O", 90, 60, 31.7, 90],
		[111, "RD6_2", 975, 1975, "T", "DIP", "DP", "", "O", 90, 60, 31.5, 90],
		[112, "RD6_2", 975, 1975, "B", "DIP", "DP", "", "O", 90, 60, 31.5, 90],
		[113, "RD7_1", 1075, 1575, "T", "DIP", "$2N1104", "", "O", 90, 60, 31.7, 90],
		[114, "RD7_1", 1075, 1575, "B", "DIP", "$2N1104", "", "O", 90, 60, 31.7, 90],
		[115, "RD7_2", 1075, 1975, "T", "DIP", "S-C", "", "O", 90, 60, 31.5, 90],
		[116, "RD7_2", 1075, 1975, "B", "DIP", "S-C", "", "O", 90, 60, 31.5, 90],
		[117, "RD8_1", 1175, 1575, "T", "DIP", "$2N1103", "", "O", 90, 60, 31.7, 90],
		[118, "RD8_1", 1175, 1575, "B", "DIP", "$2N1103", "", "O", 90, 60, 31.7, 90],
		[119, "RD8_2", 1175, 1975, "T", "DIP", "S-G", "", "O", 90, 60, 31.5, 90],
		[120, "RD8_2", 1175, 1975, "B", "DIP", "S-G", "", "O", 90, 60, 31.5, 90],
		[121, "RDIV_1", 675, 575, "T", "DIP", "N$15", "", "O", 90, 60, 31.7, 0],
		[122, "RDIV_1", 675, 575, "B", "DIP", "N$15", "", "O", 90, 60, 31.7, 0],
		[123, "RDIV_2", 1075, 575, "T", "DIP", "GND", "GND", "O", 90, 60, 31.5, 0],
		[124, "RDIV_2", 1075, 575, "B", "DIP", "GND", "GND", "O", 90, 60, 31.5, 0],
		[125, "RF_1", 1075, 875, "T", "DIP", "N$17", "", "O", 90, 60, 31.7, 180],
		[126, "RF_1", 1075, 875, "B", "DIP", "N$17", "", "O", 90, 60, 31.7, 180],
		[127, "RF_2", 675, 875, "T", "DIP", "N$15", "", "O", 90, 60, 31.5, 180],
		[128, "RF_2", 675, 875, "B", "DIP", "N$15", "", "O", 90, 60, 31.5, 180],
		[129, "Ri_1", 1075, 375, "T", "DIP", "VCC", "", "O", 90, 60, 31.7, 180],
		[130, "Ri_1", 1075, 375, "B", "DIP", "VCC", "", "O", 90, 60, 31.7, 180],
		[131, "Ri_2", 675, 375, "T", "DIP", "VREF", "", "O", 90, 60, 31.5, 180],
		[132, "Ri_2", 675, 375, "B", "DIP", "VREF", "", "O", 90, 60, 31.5, 180],
		[133, "RK1_1", 1550, 1575, "T", "DIP", "K1", "", "O", 90, 60, 31.7, 90],
		[134, "RK1_1", 1550, 1575, "B", "DIP", "K1", "", "O", 90, 60, 31.7, 90],
		[135, "RK1_2", 1550, 1975, "T", "DIP", "$2N990", "", "O", 90, 60, 31.5, 90],
		[136, "RK1_2", 1550, 1975, "B", "DIP", "$2N990", "", "O", 90, 60, 31.5, 90],
		[137, "RK2_1", 1450, 1575, "T", "DIP", "K2", "", "O", 90, 60, 31.7, 90],
		[138, "RK2_1", 1450, 1575, "B", "DIP", "K2", "", "O", 90, 60, 31.7, 90],
		[139, "RK2_2", 1450, 1975, "T", "DIP", "$2N992", "", "O", 90, 60, 31.5, 90],
		[140, "RK2_2", 1450, 1975, "B", "DIP", "$2N992", "", "O", 90, 60, 31.5, 90],
		[141, "RK3_1", 1350, 1575, "T", "DIP", "K3", "", "O", 90, 60, 31.7, 90],
		[142, "RK3_1", 1350, 1575, "B", "DIP", "K3", "", "O", 90, 60, 31.7, 90],
		[143, "RK3_2", 1350, 1975, "T", "DIP", "$2N994", "", "O", 90, 60, 31.5, 90],
		[144, "RK3_2", 1350, 1975, "B", "DIP", "$2N994", "", "O", 90, 60, 31.5, 90],
		[145, "RL_1", 675, 275, "T", "DIP", "GND", "GND", "O", 90, 60, 31.7, 0],
		[146, "RL_1", 675, 275, "B", "DIP", "GND", "GND", "O", 90, 60, 31.7, 0],
		[147, "RL_2", 1075, 275, "T", "DIP", "$2N1090", "", "O", 90, 60, 31.5, 0],
		[148, "RL_2", 1075, 275, "B", "DIP", "$2N1090", "", "O", 90, 60, 31.5, 0],
		[149, "RS_1", 2150, 550, "T", "DIP", "VCC", "", "O", 60, 90, 31.7, 180],
		[150, "RS_1", 2150, 550, "B", "DIP", "VCC", "", "O", 60, 90, 31.7, 180],
		[151, "RS_2", 1750, 550, "T", "DIP", "RESET", "", "O", 60, 90, 31.5, 180],
		[152, "RS_2", 1750, 550, "B", "DIP", "RESET", "", "O", 60, 90, 31.5, 180],
		[153, "SW1_1", 2126.77, 2027.95, "T", "DIP", "BOTONES", "", "O", 100, 70, 40, 90],
		[154, "SW1_1", 2126.77, 2027.95, "B", "DIP", "BOTONES", "", "O", 100, 70, 40, 90],
		[155, "SW1_2", 2126.77, 1772.05, "T", "DIP", "BOTONES", "", "O", 100, 70, 40, 90],
		[156, "SW1_2", 2126.77, 1772.05, "B", "DIP", "BOTONES", "", "O", 100, 70, 40, 90],
		[157, "SW1_3", 1973.23, 2027.95, "T", "DIP", "$2N273", "", "O", 100, 70, 40, 90],
		[158, "SW1_3", 1973.23, 2027.95, "B", "DIP", "$2N273", "", "O", 100, 70, 40, 90],
		[159, "SW1_4", 1973.23, 1772.05, "T", "DIP", "$2N273", "", "O", 100, 70, 40, 90],
		[160, "SW1_4", 1973.23, 1772.05, "B", "DIP", "$2N273", "", "O", 100, 70, 40, 90],
		[161, "SW2_1", 2126.77, 1527.95, "T", "DIP", "BOTONES", "", "O", 100, 70, 40, 90],
		[162, "SW2_1", 2126.77, 1527.95, "B", "DIP", "BOTONES", "", "O", 100, 70, 40, 90],
		[163, "SW2_2", 2126.77, 1272.05, "T", "DIP", "BOTONES", "", "O", 100, 70, 40, 90],
		[164, "SW2_2", 2126.77, 1272.05, "B", "DIP", "BOTONES", "", "O", 100, 70, 40, 90],
		[165, "SW2_3", 1973.23, 1527.95, "T", "DIP", "$2N265", "", "O", 100, 70, 40, 90],
		[166, "SW2_3", 1973.23, 1527.95, "B", "DIP", "$2N265", "", "O", 100, 70, 40, 90],
		[167, "SW2_4", 1973.23, 1272.05, "T", "DIP", "$2N265", "", "O", 100, 70, 40, 90],
		[168, "SW2_4", 1973.23, 1272.05, "B", "DIP", "$2N265", "", "O", 100, 70, 40, 90],
		[169, "SW3_1", 2126.77, 1027.95, "T", "DIP", "BOTONES", "", "O", 100, 70, 40, 90],
		[170, "SW3_1", 2126.77, 1027.95, "B", "DIP", "BOTONES", "", "O", 100, 70, 40, 90],
		[171, "SW3_2", 2126.77, 772.05, "T", "DIP", "BOTONES", "", "O", 100, 70, 40, 90],
		[172, "SW3_2", 2126.77, 772.05, "B", "DIP", "BOTONES", "", "O", 100, 70, 40, 90],
		[173, "SW3_3", 1973.23, 1027.95, "T", "DIP", "$2N269", "", "O", 100, 70, 40, 90],
		[174, "SW3_3", 1973.23, 1027.95, "B", "DIP", "$2N269", "", "O", 100, 70, 40, 90],
		[175, "SW3_4", 1973.23, 772.05, "T", "DIP", "$2N269", "", "O", 100, 70, 40, 90],
		[176, "SW3_4", 1973.23, 772.05, "B", "DIP", "$2N269", "", "O", 100, 70, 40, 90],
		[177, "T1_B", 2050, 2225, "T", "DIP", "$2N990", "", "O", 104, 52, 32, 90],
		[178, "T1_B", 2050, 2225, "B", "DIP", "$2N990", "", "O", 104, 52, 32, 90],
		[179, "T1_C", 1950, 2225, "T", "DIP", "$2N1849", "", "O", 104, 52, 32, 90],
		[180, "T1_C", 1950, 2225, "B", "DIP", "$2N1849", "", "O", 104, 52, 32, 90],
		[181, "T1_E", 2150, 2225, "T", "DIP", "GND", "GND", "O", 104, 52, 32, 90],
		[182, "T1_E", 2150, 2225, "B", "DIP", "GND", "GND", "O", 104, 52, 32, 90],
		[183, "T2_B", 2050, 2450, "T", "DIP", "$2N992", "", "O", 104, 52, 32, 90],
		[184, "T2_B", 2050, 2450, "B", "DIP", "$2N992", "", "O", 104, 52, 32, 90],
		[185, "T2_C", 1950, 2450, "T", "DIP", "$2N1845", "", "O", 104, 52, 32, 90],
		[186, "T2_C", 1950, 2450, "B", "DIP", "$2N1845", "", "O", 104, 52, 32, 90],
		[187, "T2_E", 2150, 2450, "T", "DIP", "GND", "GND", "O", 104, 52, 32, 90],
		[188, "T2_E", 2150, 2450, "B", "DIP", "GND", "GND", "O", 104, 52, 32, 90],
		[189, "T3_B", 2050, 2675, "T", "DIP", "$2N994", "", "O", 104, 52, 32, 90],
		[190, "T3_B", 2050, 2675, "B", "DIP", "$2N994", "", "O", 104, 52, 32, 90],
		[191, "T3_C", 1950, 2675, "T", "DIP", "$2N1439", "", "O", 104, 52, 32, 90],
		[192, "T3_C", 1950, 2675, "B", "DIP", "$2N1439", "", "O", 104, 52, 32, 90],
		[193, "T3_E", 2150, 2675, "T", "DIP", "GND", "GND", "O", 104, 52, 32, 90],
		[194, "T3_E", 2150, 2675, "B", "DIP", "GND", "GND", "O", 104, 52, 32, 90],
		[195, "U1_1", 1575.2, 1400, "T", "DIP", "VCC", "", "O", 104, 52, 32, 270],
		[196, "U1_1", 1575.2, 1400, "B", "DIP", "VCC", "", "O", 104, 52, 32, 270],
		[197, "U1_2", 1475.2, 1400, "T", "DIP", "K1", "", "O", 104, 52, 32, 270],
		[198, "U1_2", 1475.2, 1400, "B", "DIP", "K1", "", "O", 104, 52, 32, 270],
		[199, "U1_3", 1375.2, 1400, "T", "DIP", "K2", "", "O", 104, 52, 32, 270],
		[200, "U1_3", 1375.2, 1400, "B", "DIP", "K2", "", "O", 104, 52, 32, 270],
		[201, "U1_4", 1275.2, 1400, "T", "DIP", "K3", "", "O", 104, 52, 32, 270],
		[202, "U1_4", 1275.2, 1400, "B", "DIP", "K3", "", "O", 104, 52, 32, 270],
		[203, "U1_5", 1175.2, 1400, "T", "DIP", "$2N1103", "", "O", 104, 52, 32, 270],
		[204, "U1_5", 1175.2, 1400, "B", "DIP", "$2N1103", "", "O", 104, 52, 32, 270],
		[205, "U1_6", 1075.2, 1400, "T", "DIP", "$2N1104", "", "O", 104, 52, 32, 270],
		[206, "U1_6", 1075.2, 1400, "B", "DIP", "$2N1104", "", "O", 104, 52, 32, 270],
		[207, "U1_7", 975.2, 1400, "T", "DIP", "$2N1102", "", "O", 104, 52, 32, 270],
		[208, "U1_7", 975.2, 1400, "B", "DIP", "$2N1102", "", "O", 104, 52, 32, 270],
		[209, "U1_8", 875.2, 1400, "T", "DIP", "$2N1045", "", "O", 104, 52, 32, 270],
		[210, "U1_8", 875.2, 1400, "B", "DIP", "$2N1045", "", "O", 104, 52, 32, 270],
		[211, "U1_9", 775.2, 1400, "T", "DIP", "$2N1039", "", "O", 104, 52, 32, 270],
		[212, "U1_9", 775.2, 1400, "B", "DIP", "$2N1039", "", "O", 104, 52, 32, 270],
		[213, "U1_10", 675.2, 1400, "T", "DIP", "$2N1033", "", "O", 104, 52, 32, 270],
		[214, "U1_10", 675.2, 1400, "B", "DIP", "$2N1033", "", "O", 104, 52, 32, 270],
		[215, "U1_11", 675.2, 1100, "T", "DIP", "$2N1029", "", "O", 104, 52, 32, 270],
		[216, "U1_11", 675.2, 1100, "B", "DIP", "$2N1029", "", "O", 104, 52, 32, 270],
		[217, "U1_12", 775.2, 1100, "T", "DIP", "$2N1025", "", "O", 104, 52, 32, 270],
		[218, "U1_12", 775.2, 1100, "B", "DIP", "$2N1025", "", "O", 104, 52, 32, 270],
		[219, "U1_13", 875.2, 1100, "T", "DIP", "U1_13", "", "O", 104, 52, 32, 270],
		[220, "U1_13", 875.2, 1100, "B", "DIP", "U1_13", "", "O", 104, 52, 32, 270],
		[221, "U1_14", 975.2, 1100, "T", "DIP", "ADCIN", "", "O", 104, 52, 32, 270],
		[222, "U1_14", 975.2, 1100, "B", "DIP", "ADCIN", "", "O", 104, 52, 32, 270],
		[223, "U1_15", 1075.2, 1100, "T", "DIP", "BOTONES", "", "O", 104, 52, 32, 270],
		[224, "U1_15", 1075.2, 1100, "B", "DIP", "BOTONES", "", "O", 104, 52, 32, 270],
		[225, "U1_16", 1175.2, 1100, "T", "DIP", "RESET", "", "O", 104, 52, 32, 270],
		[226, "U1_16", 1175.2, 1100, "B", "DIP", "RESET", "", "O", 104, 52, 32, 270],
		[227, "U1_17", 1275.2, 1100, "T", "DIP", "TST", "", "O", 104, 52, 32, 270],
		[228, "U1_17", 1275.2, 1100, "B", "DIP", "TST", "", "O", 104, 52, 32, 270],
		[229, "U1_18", 1375.2, 1100, "T", "DIP", "$2N1988", "", "O", 104, 52, 32, 270],
		[230, "U1_18", 1375.2, 1100, "B", "DIP", "$2N1988", "", "O", 104, 52, 32, 270],
		[231, "U1_19", 1475.2, 1100, "T", "DIP", "$2N1982", "", "O", 104, 52, 32, 270],
		[232, "U1_19", 1475.2, 1100, "B", "DIP", "$2N1982", "", "O", 104, 52, 32, 270],
		[233, "U1_20", 1575.2, 1100, "T", "DIP", "GND", "GND", "O", 104, 52, 32, 270],
		[234, "U1_20", 1575.2, 1100, "B", "DIP", "GND", "GND", "O", 104, 52, 32, 270],
		[235, "U2_1", 400, 574, "T", "DIP", "N$15", "", "O", 120, 120, 52, 0],
		[236, "U2_1", 400, 574, "B", "DIP", "N$15", "", "O", 120, 120, 52, 0],
		[237, "U2_2", 400, 376, "T", "DIP", "VREF", "", "O", 120, 120, 52, 0],
		[238, "U2_2", 400, 376, "B", "DIP", "VREF", "", "O", 120, 120, 52, 0],
		[239, "VR1_A", 325, 1300, "T", "DIP", "GND", "GND", "O", 41.34, 62.99, 29.53, 270],
		[240, "VR1_A", 325, 1300, "B", "DIP", "GND", "GND", "O", 41.34, 62.99, 29.53, 270],
		[241, "VR1_C", 325, 1197.63, "T", "DIP", "VREF", "", "O", 41.34, 62.99, 29.53, 270],
		[242, "VR1_C", 325, 1197.63, "B", "DIP", "VREF", "", "O", 41.34, 62.99, 29.53, 270],
		[243, "VR1_R", 325, 1402.37, "T", "DIP", "VREF", "", "R", 41.34, 62.99, 29.53, 270],
		[244, "VR1_R", 325, 1402.37, "B", "DIP", "VREF", "", "R", 41.34, 62.99, 29.53, 270]
	]
}
}